"Test Suite","Test Case","Test Step","Step Type","Step Status","Result message","Execution Date"
"TestSuite 1","TestCase 1","Calculator.asmx 1 - Homepage","restrequest","UNKNOWN","","03-Jul-2024 18_55",
"TestSuite 1","TestCase 1","Calculator.asmx 1 - Addition","restrequest","UNKNOWN","","03-Jul-2024 18_55",
"TestSuite 1","TestCase 1","Calculator.asmx 1 - Divide","restrequest","UNKNOWN","","03-Jul-2024 18_55",
"TestSuite 1","TestCase 1","Calculator.asmx 1 - Multiply","restrequest","UNKNOWN","","03-Jul-2024 18_55",
"TestSuite 1","TestCase 1","Calculator.asmx 1 - Subtract","restrequest","UNKNOWN","","03-Jul-2024 18_55",
"TestSuite 1","TestCase 1","Calculator.asmx 1 - Homepage","restrequest","UNKNOWN","","03-Jul-2024 18_55",
"TestSuite 1","TestCase 1","Calculator.asmx 1 - Addition","restrequest","UNKNOWN","","03-Jul-2024 18_55",
"TestSuite 1","TestCase 1","Calculator.asmx 1 - Divide","restrequest","UNKNOWN","","03-Jul-2024 18_55",
"TestSuite 1","TestCase 1","Calculator.asmx 1 - Multiply","restrequest","UNKNOWN","","03-Jul-2024 18_55",
"TestSuite 1","TestCase 1","Calculator.asmx 1 - Subtract","restrequest","UNKNOWN","","03-Jul-2024 18_55",